{
  "gpt_epoch": 48,
  "return": 3862.8496206450136,
  "score": 0.9959930612905177,
  "step": 999,
  "term": false
}