{
  "gpt_epoch": 32,
  "return": 505.5752690794722,
  "score": 0.19764945879710655,
  "step": 152,
  "term": true
}