{
  "gpt_epoch": 32,
  "return": 3478.2156867258705,
  "score": 0.9045289721841178,
  "step": 818,
  "term": true
}