{
  "gpt_epoch": 246,
  "return": 495.26797005372623,
  "score": 0.06245958483476772,
  "step": 999,
  "term": false
}