{
  "gpt_epoch": 24,
  "return": 5050.860829717974,
  "score": 1.2784963806905512,
  "step": 999,
  "term": false
}