{
  "gpt_epoch": 246,
  "return": 5329.4680896902,
  "score": 0.45183779178105893,
  "step": 999,
  "term": false
}