{
  "gpt_epoch": 24,
  "return": 5015.968860597238,
  "score": 1.0922890926697972,
  "step": 999,
  "term": false
}