{
  "gpt_epoch": 24,
  "return": 3638.6871334536736,
  "score": 1.1242520047357416,
  "step": 999,
  "term": false
}