{
  "gpt_epoch": 264,
  "return": 4187.907174696312,
  "score": 0.91190986546228,
  "step": 999,
  "term": false
}