{
  "gpt_epoch": 48,
  "return": 3831.741765178472,
  "score": 0.8343252574303569,
  "step": 999,
  "term": false
}