{
  "gpt_epoch": 246,
  "return": 4936.773357599643,
  "score": 0.42020758060350144,
  "step": 999,
  "term": false
}