{
  "gpt_epoch": 264,
  "return": 4203.597384612831,
  "score": 0.9153277122092723,
  "step": 999,
  "term": false
}