{
  "gpt_epoch": 16,
  "return": 4915.896297350507,
  "score": 1.246402467683758,
  "step": 999,
  "term": false
}