{
  "gpt_epoch": 48,
  "return": 3468.443708503377,
  "score": 0.7551869229018747,
  "step": 999,
  "term": false
}