{
  "gpt_epoch": 32,
  "return": 3944.5754690795793,
  "score": 1.015427072760464,
  "step": 999,
  "term": false
}