{
  "gpt_epoch": 48,
  "return": 1597.260822549521,
  "score": 0.49700328521339177,
  "step": 501,
  "term": true
}