{
  "gpt_epoch": 48,
  "return": 1853.9592494662472,
  "score": 0.5758764528251116,
  "step": 570,
  "term": true
}