{
  "gpt_epoch": 48,
  "return": 3234.153226413416,
  "score": 0.9999549023426646,
  "step": 999,
  "term": false
}