{
  "gpt_epoch": 24,
  "return": 11626.37900368674,
  "score": 0.9590323266189926,
  "step": 999,
  "term": false
}