{
  "gpt_epoch": 24,
  "return": 5041.356339242452,
  "score": 1.0978193253284774,
  "step": 999,
  "term": false
}