{
  "gpt_epoch": 24,
  "return": 11645.023352987522,
  "score": 0.960534064884012,
  "step": 999,
  "term": false
}