{
  "gpt_epoch": 48,
  "return": 1821.9297180776493,
  "score": 0.5660350578930061,
  "step": 578,
  "term": true
}