{
  "gpt_epoch": 48,
  "return": 5422.50458088982,
  "score": 0.45933156142802317,
  "step": 999,
  "term": false
}