{
  "gpt_epoch": 48,
  "return": 5595.09095294121,
  "score": 0.47323280060506184,
  "step": 999,
  "term": false
}