{
  "gpt_epoch": 24,
  "return": 11371.580616921836,
  "score": 0.9385091921777179,
  "step": 999,
  "term": false
}