{
  "gpt_epoch": 48,
  "return": 3749.311694790577,
  "score": 0.8163692613392532,
  "step": 999,
  "term": false
}