{
  "gpt_epoch": 48,
  "return": 2167.6473744426207,
  "score": 0.6722602770512486,
  "step": 672,
  "term": true
}