{
  "gpt_epoch": 48,
  "return": 5607.54828987911,
  "score": 0.47423619628586994,
  "step": 999,
  "term": false
}