{
  "gpt_epoch": 24,
  "return": 11573.96231255588,
  "score": 0.9548103422779458,
  "step": 999,
  "term": false
}