{
  "gpt_epoch": 24,
  "return": 11414.825747410508,
  "score": 0.9419924388270321,
  "step": 999,
  "term": false
}