{
  "gpt_epoch": 32,
  "return": 1077.428028614575,
  "score": 0.3336332791036489,
  "step": 265,
  "term": true
}