{
  "gpt_epoch": 48,
  "return": 2858.423898499815,
  "score": 0.6223044290209973,
  "step": 749,
  "term": true
}