{
  "gpt_epoch": 16,
  "return": 5357.671726177123,
  "score": 1.3514545278998222,
  "step": 999,
  "term": false
}