{
  "gpt_epoch": 198,
  "return": 3158.290215456935,
  "score": 0.9766452309489971,
  "step": 949,
  "term": true
}