{
  "gpt_epoch": 110,
  "return": 3629.0157375959984,
  "score": 0.9403884948983421,
  "step": 999,
  "term": false
}