{
  "gpt_epoch": 32,
  "return": 1031.781746318246,
  "score": 0.322778813953403,
  "step": 288,
  "term": true
}