{
  "gpt_epoch": 246,
  "return": 5323.855457443912,
  "score": 0.45138571354138673,
  "step": 999,
  "term": false
}