{
  "gpt_epoch": 246,
  "return": 5018.62842345645,
  "score": 0.4268007248639817,
  "step": 999,
  "term": false
}