{
  "gpt_epoch": 24,
  "return": 3665.6837635113066,
  "score": 1.1325469902292757,
  "step": 999,
  "term": false
}