{
  "gpt_epoch": 246,
  "return": 5534.881672340286,
  "score": 0.46838314996137337,
  "step": 999,
  "term": false
}