{
  "gpt_epoch": 48,
  "return": 1782.0595805887078,
  "score": 0.5537845580569173,
  "step": 546,
  "term": true
}