{
  "gpt_epoch": 110,
  "return": 3995.355284774468,
  "score": 1.027502267323251,
  "step": 999,
  "term": false
}