{
  "gpt_epoch": 48,
  "return": 1785.648537376487,
  "score": 0.5548873010447641,
  "step": 556,
  "term": true
}