{
  "gpt_epoch": 24,
  "return": 3677.2526925836173,
  "score": 1.1361016597797224,
  "step": 999,
  "term": false
}