{
  "gpt_epoch": 48,
  "return": 2114.584403910784,
  "score": 0.6559561468740465,
  "step": 643,
  "term": true
}