{
  "gpt_epoch": 32,
  "return": 3278.6150364711393,
  "score": 0.8570649029727104,
  "step": 847,
  "term": true
}