{
  "gpt_epoch": 24,
  "return": 3636.2997886532003,
  "score": 1.1235184690890436,
  "step": 999,
  "term": false
}