{
  "gpt_epoch": 48,
  "return": 3781.3930364307425,
  "score": 0.8233576387891015,
  "step": 999,
  "term": false
}