{
  "gpt_epoch": 24,
  "return": 3644.550825104338,
  "score": 1.1260536828369336,
  "step": 999,
  "term": false
}