{
  "gpt_epoch": 110,
  "return": 3622.38502322723,
  "score": 0.9388117430925806,
  "step": 999,
  "term": false
}