{
  "gpt_epoch": 110,
  "return": 3395.5424951786204,
  "score": 0.8848696871040401,
  "step": 999,
  "term": false
}