{
  "gpt_epoch": 48,
  "return": 1894.3456597009003,
  "score": 0.5882855826430626,
  "step": 593,
  "term": true
}