{
  "gpt_epoch": 246,
  "return": 5400.147070042431,
  "score": 0.4575307407606749,
  "step": 999,
  "term": false
}