{
  "gpt_epoch": 48,
  "return": 5555.793747599081,
  "score": 0.4700675457592883,
  "step": 999,
  "term": false
}