{
  "gpt_epoch": 24,
  "return": 5047.52327064352,
  "score": 1.2777027252855968,
  "step": 999,
  "term": false
}