{
  "gpt_epoch": 32,
  "return": 4030.955580435903,
  "score": 1.0359678454416814,
  "step": 999,
  "term": false
}