{
  "gpt_epoch": 110,
  "return": 3415.052106087225,
  "score": 0.8895089782149252,
  "step": 999,
  "term": false
}