{
  "gpt_epoch": 24,
  "return": 3697.981573857753,
  "score": 1.1424708165633313,
  "step": 999,
  "term": false
}