{
  "gpt_epoch": 16,
  "return": 2277.517499133714,
  "score": 0.6190087506560088,
  "step": 468,
  "term": true
}