{
  "gpt_epoch": 198,
  "return": 3209.5609904448747,
  "score": 0.9923986910608442,
  "step": 999,
  "term": false
}