{
  "gpt_epoch": 24,
  "return": 4995.382645298644,
  "score": 1.0878047339922816,
  "step": 999,
  "term": false
}