{
  "gpt_epoch": 165,
  "return": 2878.7987226315377,
  "score": 0.7619905173546566,
  "step": 803,
  "term": true
}