{
  "gpt_epoch": 24,
  "return": 3649.84602844975,
  "score": 1.1276806872016167,
  "step": 999,
  "term": false
}