{
  "gpt_epoch": 264,
  "return": 4491.446554915884,
  "score": 0.9780307834606597,
  "step": 999,
  "term": false
}