{
  "gpt_epoch": 24,
  "return": 5029.8129428765,
  "score": 1.0953047917480774,
  "step": 999,
  "term": false
}