{
  "gpt_epoch": 24,
  "return": 5454.224248273581,
  "score": 1.3744142506535992,
  "step": 999,
  "term": false
}