{
  "gpt_epoch": 48,
  "return": 5848.237095945499,
  "score": 0.4936228524893417,
  "step": 999,
  "term": false
}