{
  "gpt_epoch": 165,
  "return": 2469.199065241406,
  "score": 0.6645896999599091,
  "step": 999,
  "term": false
}