{
  "gpt_epoch": 24,
  "return": 3630.1620134344703,
  "score": 1.1216325760611638,
  "step": 999,
  "term": false
}