{
  "gpt_epoch": 48,
  "return": 5396.186768844124,
  "score": 0.457211752108695,
  "step": 999,
  "term": false
}