{
  "gpt_epoch": 48,
  "return": 2096.556539088688,
  "score": 0.6504169044997413,
  "step": 649,
  "term": true
}