{
  "gpt_epoch": 165,
  "return": 1135.1306278251175,
  "score": 0.34735467810266035,
  "step": 350,
  "term": true
}