{
  "gpt_epoch": 24,
  "return": 11653.268775087907,
  "score": 0.9611982052988702,
  "step": 999,
  "term": false
}