{
  "gpt_epoch": 24,
  "return": 11469.311990889217,
  "score": 0.9463811184976978,
  "step": 999,
  "term": false
}