{
  "gpt_epoch": 24,
  "return": 4926.15666881699,
  "score": 1.2488423343915986,
  "step": 999,
  "term": false
}