{
  "gpt_epoch": 24,
  "return": 134.10059710266708,
  "score": 0.02885669422477033,
  "step": 112,
  "term": true
}