{
  "gpt_epoch": 32,
  "return": 3439.2763049869413,
  "score": 0.895269375546796,
  "step": 999,
  "term": false
}