{
  "gpt_epoch": 198,
  "return": 3207.7900707756976,
  "score": 0.991854558221498,
  "step": 999,
  "term": false
}