{
  "gpt_epoch": 198,
  "return": 2421.019304347264,
  "score": 0.7501113450749604,
  "step": 735,
  "term": true
}