{
  "gpt_epoch": 24,
  "return": 140.28262950125065,
  "score": 0.11078463593590247,
  "step": 52,
  "term": true
}