{
  "gpt_epoch": 24,
  "return": 5012.6456582730925,
  "score": 1.091565189273118,
  "step": 999,
  "term": false
}