{
  "gpt_epoch": 48,
  "return": 2245.026797336382,
  "score": 0.6960358812296787,
  "step": 686,
  "term": true
}