{
  "gpt_epoch": 24,
  "return": 11457.973400775174,
  "score": 0.9454678340289868,
  "step": 999,
  "term": false
}