{
  "gpt_epoch": 32,
  "return": 3923.8988769131506,
  "score": 1.0105102791508693,
  "step": 999,
  "term": false
}