{
  "gpt_epoch": 48,
  "return": 3836.5591912644704,
  "score": 0.8353746521908164,
  "step": 999,
  "term": false
}