{
  "gpt_epoch": 246,
  "return": 5157.670489232415,
  "score": 0.4380000854452778,
  "step": 999,
  "term": false
}