{
  "gpt_epoch": 246,
  "return": 4966.551843770056,
  "score": 0.42260613533099634,
  "step": 999,
  "term": false
}