{
  "gpt_epoch": 246,
  "return": 5408.360292908922,
  "score": 0.45819228763789543,
  "step": 999,
  "term": false
}