{
  "gpt_epoch": 264,
  "return": 4344.5236295057575,
  "score": 0.9460261101424968,
  "step": 999,
  "term": false
}