{
  "gpt_epoch": 165,
  "return": 633.5900476499223,
  "score": 0.22809075396521586,
  "step": 999,
  "term": false
}