{
  "gpt_epoch": 48,
  "return": 3926.581565685898,
  "score": 0.8549845032514363,
  "step": 999,
  "term": false
}