{
  "gpt_epoch": 48,
  "return": 5596.159082675584,
  "score": 0.4733188347845463,
  "step": 999,
  "term": false
}