{
  "gpt_epoch": 198,
  "return": 3190.9644277561642,
  "score": 0.9866847105601988,
  "step": 999,
  "term": false
}