{
  "gpt_epoch": 246,
  "return": 5481.478536161688,
  "score": 0.46408171086164185,
  "step": 999,
  "term": false
}