{
  "gpt_epoch": 198,
  "return": 3184.5894922766383,
  "score": 0.9847259476623114,
  "step": 999,
  "term": false
}