{
  "gpt_epoch": 48,
  "return": -0.8340708480909238,
  "score": 0.022500270290861032,
  "step": 2,
  "term": false
}