{
  "gpt_epoch": 48,
  "return": 3748.1638414466415,
  "score": 0.8161192209103191,
  "step": 999,
  "term": false
}