{
  "gpt_epoch": 48,
  "return": 3844.9475441061018,
  "score": 0.8372019129237789,
  "step": 986,
  "term": true
}