{
  "gpt_epoch": 24,
  "return": 11550.035867617109,
  "score": 0.9528831493611665,
  "step": 999,
  "term": false
}