{
  "gpt_epoch": 48,
  "return": 1029.0741626414685,
  "score": 0.3224222322636241,
  "step": 356,
  "term": true
}