{
  "gpt_epoch": 16,
  "return": 5302.518984251909,
  "score": 1.3383394726302307,
  "step": 999,
  "term": false
}