{
  "gpt_epoch": 32,
  "return": 3887.1482662310414,
  "score": 1.001771161684313,
  "step": 999,
  "term": false
}