{
  "gpt_epoch": 48,
  "return": 3878.881627118996,
  "score": 0.8445938787327053,
  "step": 999,
  "term": false
}