{
  "gpt_epoch": 198,
  "return": 3132.429583467474,
  "score": 0.9686992922615292,
  "step": 999,
  "term": false
}