{
  "gpt_epoch": 48,
  "return": 5640.1104415602285,
  "score": 0.47685896570420766,
  "step": 999,
  "term": false
}