{
  "gpt_epoch": 246,
  "return": 4891.248328475012,
  "score": 0.4165406959539145,
  "step": 999,
  "term": false
}