{
  "gpt_epoch": 48,
  "return": 3968.54595653347,
  "score": 0.8641257357467951,
  "step": 999,
  "term": false
}