{
  "gpt_epoch": 198,
  "return": 1767.7443022303726,
  "score": 0.549386045129015,
  "step": 502,
  "term": true
}