{
  "gpt_epoch": 24,
  "return": 5058.046527295168,
  "score": 1.1014550003924932,
  "step": 999,
  "term": false
}