{
  "gpt_epoch": 24,
  "return": 5041.605902978489,
  "score": 1.0978736885656757,
  "step": 999,
  "term": false
}