{
  "gpt_epoch": 24,
  "return": 3610.6736816381117,
  "score": 1.115644590553385,
  "step": 999,
  "term": false
}