{
  "gpt_epoch": 48,
  "return": 3918.11199111218,
  "score": 0.8531395497384361,
  "step": 999,
  "term": false
}