{
  "gpt_epoch": 246,
  "return": 5193.730550282805,
  "score": 0.4409045994427725,
  "step": 999,
  "term": false
}