{
  "gpt_epoch": 264,
  "return": 4357.900617000491,
  "score": 0.9489400605253593,
  "step": 999,
  "term": false
}