{
  "gpt_epoch": 110,
  "return": 3897.452324908079,
  "score": 1.0042214169995194,
  "step": 999,
  "term": false
}