{
  "gpt_epoch": 198,
  "return": 3164.408497944788,
  "score": 0.9785251346397074,
  "step": 999,
  "term": false
}