{
  "gpt_epoch": 48,
  "return": 5592.397890125842,
  "score": 0.473015883649973,
  "step": 999,
  "term": false
}