{
  "gpt_epoch": 24,
  "return": 11443.991595566764,
  "score": 0.9443416476678123,
  "step": 999,
  "term": false
}