{
  "gpt_epoch": 264,
  "return": 4283.978522221177,
  "score": 0.9328373829629428,
  "step": 999,
  "term": false
}