{
  "gpt_epoch": 24,
  "return": 4955.572095603673,
  "score": 1.0791326793483424,
  "step": 999,
  "term": false
}