{
  "gpt_epoch": 198,
  "return": 3235.85879377839,
  "score": 1.000478955030741,
  "step": 999,
  "term": false
}