{
  "gpt_epoch": 24,
  "return": 3194.350776719605,
  "score": 0.837027269569259,
  "step": 664,
  "term": true
}