{
  "gpt_epoch": 165,
  "return": 3624.174388624156,
  "score": 0.9392372455292501,
  "step": 999,
  "term": false
}