{
  "gpt_epoch": 32,
  "return": 4194.266930008967,
  "score": 1.074802494473395,
  "step": 999,
  "term": false
}