{
  "gpt_epoch": 198,
  "return": 3187.5329900171014,
  "score": 0.9856303668807571,
  "step": 999,
  "term": false
}