{
  "gpt_epoch": 24,
  "return": 5346.572752786398,
  "score": 1.3488152457105078,
  "step": 999,
  "term": false
}