{
  "gpt_epoch": 198,
  "return": 3141.978850096814,
  "score": 0.9716334002592742,
  "step": 999,
  "term": false
}