{
  "gpt_epoch": 48,
  "return": 3753.6050484584084,
  "score": 0.8173044957908864,
  "step": 999,
  "term": false
}