{
  "gpt_epoch": 264,
  "return": 4264.177544266415,
  "score": 0.9285240749543165,
  "step": 999,
  "term": false
}