{
  "gpt_epoch": 48,
  "return": 5719.403566986595,
  "score": 0.48324575446710394,
  "step": 999,
  "term": false
}