{
  "gpt_epoch": 110,
  "return": 3722.1838809120904,
  "score": 0.9625434287475543,
  "step": 999,
  "term": false
}