{
  "gpt_epoch": 48,
  "return": 2053.2297045889536,
  "score": 0.44690649801830834,
  "step": 565,
  "term": true
}