{
  "gpt_epoch": 24,
  "return": 5471.371521648901,
  "score": 1.3784917893251138,
  "step": 999,
  "term": false
}