{
  "gpt_epoch": 48,
  "return": 2997.7475302948787,
  "score": 0.790275968490923,
  "step": 766,
  "term": true
}