{
  "gpt_epoch": 24,
  "return": 3601.7935822428913,
  "score": 1.1129160909033455,
  "step": 999,
  "term": false
}