{
  "gpt_epoch": 24,
  "return": 3706.038098368813,
  "score": 1.1449462645657253,
  "step": 999,
  "term": false
}