{
  "gpt_epoch": 264,
  "return": 4147.568884179798,
  "score": 0.9031228514099096,
  "step": 999,
  "term": false
}