{
  "gpt_epoch": 16,
  "return": 5015.799180363039,
  "score": 1.270158890058507,
  "step": 999,
  "term": false
}