{
  "gpt_epoch": 264,
  "return": 4259.207739845079,
  "score": 0.9274414871517935,
  "step": 999,
  "term": false
}