{
  "gpt_epoch": 24,
  "return": 3655.2478415638852,
  "score": 1.129340448487558,
  "step": 999,
  "term": false
}