{
  "gpt_epoch": 48,
  "return": 3827.466583905866,
  "score": 0.833393981527541,
  "step": 999,
  "term": false
}