{
  "gpt_epoch": 110,
  "return": 3433.0463627530185,
  "score": 0.8937879254162647,
  "step": 999,
  "term": false
}