{
  "gpt_epoch": 48,
  "return": 5610.078634199679,
  "score": 0.47444000682538356,
  "step": 999,
  "term": false
}