{
  "gpt_epoch": 198,
  "return": 2071.0594576761096,
  "score": 0.6425826703752121,
  "step": 646,
  "term": true
}