{
  "gpt_epoch": 24,
  "return": 3646.3284287094966,
  "score": 1.1265998693826826,
  "step": 999,
  "term": false
}