{
  "gpt_epoch": 48,
  "return": 5570.628927276632,
  "score": 0.4712624685013375,
  "step": 999,
  "term": false
}