{
  "gpt_epoch": 264,
  "return": 4064.6838709400377,
  "score": 0.8850677537163041,
  "step": 999,
  "term": false
}