{
  "gpt_epoch": 264,
  "return": 4090.1884919155796,
  "score": 0.8906235038495609,
  "step": 949,
  "term": true
}