{
  "gpt_epoch": 198,
  "return": 3153.0280847443278,
  "score": 0.9750283884826235,
  "step": 999,
  "term": false
}