{
  "gpt_epoch": 16,
  "return": 5343.4700842619595,
  "score": 1.3480774461422396,
  "step": 999,
  "term": false
}