{
  "gpt_epoch": 24,
  "return": 5041.787235348872,
  "score": 1.0979131887543623,
  "step": 999,
  "term": false
}