{
  "gpt_epoch": 264,
  "return": 287.10024472153225,
  "score": 0.062185078656042406,
  "step": 113,
  "term": true
}