{
  "gpt_epoch": 48,
  "return": 1840.4850896949058,
  "score": 0.5717363820235991,
  "step": 570,
  "term": true
}