{
  "gpt_epoch": 48,
  "return": 5089.492386643706,
  "score": 0.43250857357526684,
  "step": 999,
  "term": false
}