{
  "gpt_epoch": 24,
  "return": 11228.526217218232,
  "score": 0.9269866518869043,
  "step": 999,
  "term": false
}