{
  "gpt_epoch": 48,
  "return": 3890.7882162536725,
  "score": 1.0026367241941532,
  "step": 999,
  "term": false
}