{
  "gpt_epoch": 24,
  "return": 3670.164583254106,
  "score": 1.133923767059803,
  "step": 999,
  "term": false
}