{
  "gpt_epoch": 24,
  "return": 4976.188396409157,
  "score": 1.0836235916444774,
  "step": 999,
  "term": false
}