{
  "gpt_epoch": 246,
  "return": 5410.551813258344,
  "score": 0.45836880707089905,
  "step": 999,
  "term": false
}