{
  "gpt_epoch": 24,
  "return": 11622.932626648395,
  "score": 0.9587547327920014,
  "step": 999,
  "term": false
}