{
  "gpt_epoch": 24,
  "return": 2269.300405850997,
  "score": 0.7034941910288875,
  "step": 694,
  "term": true
}