{
  "gpt_epoch": 24,
  "return": 11557.799632004288,
  "score": 0.9535084939024389,
  "step": 999,
  "term": false
}