{
  "gpt_epoch": 24,
  "return": 11644.51126015247,
  "score": 0.9604928175659516,
  "step": 999,
  "term": false
}