{
  "gpt_epoch": 48,
  "return": 5532.214834914407,
  "score": 0.46816834537128454,
  "step": 999,
  "term": false
}