{
  "gpt_epoch": 264,
  "return": 1143.7599539280138,
  "score": 0.2487939013530625,
  "step": 290,
  "term": true
}