{
  "gpt_epoch": 264,
  "return": 4526.6803416543125,
  "score": 0.9857058677347951,
  "step": 999,
  "term": false
}