{
  "gpt_epoch": 48,
  "return": 1912.7047139169558,
  "score": 0.5939265862821124,
  "step": 600,
  "term": true
}