{
  "gpt_epoch": 165,
  "return": 3190.8645322214265,
  "score": 0.8361982574896978,
  "step": 999,
  "term": false
}