{
  "gpt_epoch": 264,
  "return": 4230.402395189103,
  "score": 0.9211667302140443,
  "step": 999,
  "term": false
}