{
  "gpt_epoch": 24,
  "return": 5538.431647207242,
  "score": 1.3944383628295822,
  "step": 999,
  "term": false
}