{
  "gpt_epoch": 24,
  "return": 4952.035859998141,
  "score": 1.0783623702559038,
  "step": 999,
  "term": false
}