{
  "gpt_epoch": 246,
  "return": 5376.937420679618,
  "score": 0.4556612832642766,
  "step": 999,
  "term": false
}