{
  "gpt_epoch": 24,
  "return": 5042.428120839799,
  "score": 1.0980527948145753,
  "step": 999,
  "term": false
}