{
  "gpt_epoch": 24,
  "return": 4958.15481648736,
  "score": 1.0796952813923983,
  "step": 999,
  "term": false
}