{
  "gpt_epoch": 110,
  "return": 672.4159919021993,
  "score": 0.2373233757168809,
  "step": 197,
  "term": true
}