{
  "gpt_epoch": 48,
  "return": 5379.841884137807,
  "score": 0.455895227814668,
  "step": 999,
  "term": false
}