{
  "gpt_epoch": 198,
  "return": 3150.335984565173,
  "score": 0.9742012136876378,
  "step": 999,
  "term": false
}