{
  "gpt_epoch": 32,
  "return": 4005.080477855985,
  "score": 1.029814871199673,
  "step": 999,
  "term": false
}