{
  "gpt_epoch": 24,
  "return": 4966.432686606872,
  "score": 1.0814984753337498,
  "step": 999,
  "term": false
}