{
  "gpt_epoch": 48,
  "return": 2155.0247843053803,
  "score": 0.6683818595652249,
  "step": 662,
  "term": true
}