{
  "gpt_epoch": 24,
  "return": 11479.079665359675,
  "score": 0.9471678711097573,
  "step": 999,
  "term": false
}